﻿Location,Opioid Overdose Death Rate (Age-Adjusted),All Drug Overdose Death Rate (Age-Adjusted),Percent Change in Opioid Overdose Death Rate from Prior Year,Percent Change in All Drug Overdose Death Rate from Prior Year
United States,7.9,13.8,0.07,0.05
Alabama,3.5,12.7,-0.03,0.05
Alaska,9.2,14.4,-0.15,-0.17
Arizona,8.2,18.7,0,0.06
Arkansas,5.6,11.1,-0.07,-0.15
California,4.9,11.1,0.11,0.08
Colorado,8,15.5,0.04,0.03
Connecticut,12.3,16,1.16,0.32
Delaware,12.8,18.7,0.39,0.23
District of Columbia,8.6,15,0.18,0.19
Florida,6.6,12.6,-0.04,-0.05
Georgia,5.3,10.8,-0.02,0.02
Hawaii,4.7,11,0.04,0
Idaho,4.8,13.4,0.23,0.13
Illinois,8.3,12.1,-0.07,-0.03
Indiana,5.7,16.6,-0.03,0.04
Iowa,6.1,9.3,0.03,0.07
Kansas,5.7,12,-0.1,0.04
Kentucky,15.5,23.7,0,-0.05
Louisiana,5.9,17.8,0.59,0.45
Maine,9.9,13.2,0.25,0.15
Maryland,12.3,14.6,0.13,0.07
Massachusetts,13.3,16,0.28,0.26
Michigan,9.4,15.9,0.32,0.18
Minnesota,5.6,9.6,0.06,0.08
Mississippi,3.4,10.8,-0.13,0.01
Missouri,10.7,17.5,0.15,0.08
Montana,7.2,14.5,0.36,0.22
Nebraska,2.2,6.5,-0.27,-0.18
Nevada,13.7,21.1,-0.12,0
New Hampshire,11.8,15.1,0.12,0.13
New Jersey,7.6,14.5,0.12,0.06
New Mexico,16,22.6,-0.01,-0.09
New York,8.3,11.3,0.09,0.09
North Carolina,8.7,12.9,0.01,-0.03
North Dakota,NSD,2.8,NSD,-0.1
Ohio,14.6,20.8,0.19,0.1
Oklahoma,13.4,20.6,-0.06,0
Oregon,7.5,11.3,-0.18,-0.1
Pennsylvania,7.8,19.4,0.15,0.02
Rhode Island,18.1,22.4,0.37,0.23
South Carolina,5.4,13,0.06,0.04
South Dakota,4.4,6.9,0.42,0.25
Tennessee,11.9,18.1,0.04,0.03
Texas,4,9.3,-0.09,-0.01
Utah,15.9,22.1,-0.01,-0.04
Vermont,11.6,15.1,0.35,0.39
Virginia,7.6,10.2,0.17,0.15
Washington,8.9,13.4,-0.08,-0.02
West Virginia,27.9,32.2,0.03,0.01
Wisconsin,10.6,15,0.23,0.23
Wyoming,8.6,17.2,0.12,0.02
