﻿Location,Opioid Overdose Death Rate (Age-Adjusted),All Drug Overdose Death Rate (Age-Adjusted),Percent Change in Opioid Overdose Death Rate from Prior Year,Percent Change in All Drug Overdose Death Rate from Prior Year
United States,7.4,13.1,0.014,-0.008
Alabama,3.6,12.1,-0.053,0.025
Alaska,10.8,17.4,0.241,0.225
Arizona,8.2,17.7,-0.068,0.047
Arkansas,6,13.1,-0.032,0.04
California,4.4,10.3,-0.12,-0.037
Colorado,7.7,15,-0.038,-0.068
Connecticut,5.7,12.1,-0.05,0.08
Delaware,9.2,15.2,-0.27,-0.136
District of Columbia,7.3,12.6,-0.088,-0.067
Florida,6.9,13.3,-0.179,-0.136
Georgia,5.4,10.6,0,-0.009
Hawaii,4.5,11,-0.167,-0.113
Idaho,3.9,11.9,-0.235,-0.078
Illinois,8.9,12.5,0.254,0.147
Indiana,5.9,16,0.054,0.046
Iowa,5.9,8.7,0,0.036
Kansas,6.3,11.5,0.465,0.139
Kentucky,15.5,25,-0.019,0
Louisiana,3.7,12.3,0.48,-0.089
Maine,7.9,11.5,0.179,-0.025
Maryland,10.9,13.7,0.198,0.171
Massachusetts,10.4,12.7,0.051,0
Michigan,7.1,13.5,-0.053,-0.056
Minnesota,5.3,8.9,0,-0.053
Mississippi,3.9,10.7,0.345,0
Missouri,9.3,16.2,-0.088,-0.012
Montana,5.3,11.9,-0.221,-0.174
Nebraska,3,7.9,0.071,0.113
Nevada,15.6,21,-0.055,-0.079
New Hampshire,10.5,13.4,-0.087,-0.124
New Jersey,6.8,13.7,0.333,0.212
New Mexico,16.1,24.7,0.353,-0.061
New York,7.6,10.4,0.118,0.072
North Carolina,8.6,13.3,0,0.023
North Dakota,NSD,3.1,NSD,NSD
Ohio,12.3,18.9,0.098,0.068
Oklahoma,14.2,20.6,0.092,0.09
Oregon,9.2,12.5,-0.089,-0.074
Pennsylvania,6.8,19,0.097,0.038
Rhode Island,13.2,18.2,-0.008,0.028
South Carolina,5.1,12.5,-0.038,-0.06
South Dakota,3.1,5.5,-0.311,-0.225
Tennessee,11.4,17.6,0.129,0.023
Texas,4.4,9.4,-0.043,-0.069
Utah,16.1,23.1,0.103,0.185
Vermont,8.6,10.9,-0.055,-0.155
Virginia,6.5,8.9,-0.085,-0.082
Washington,9.7,13.7,-0.02,-0.028
West Virginia,27.1,32,-0.14,-0.118
Wisconsin,8.6,12.2,0.036,0.008
Wyoming,7.7,16.8,0.027,0.105
